store_id,sku_id,on_hand,lead_time_days,shelf_life_days
1,100000,58,4,132
1,100001,46,4,188
1,100002,19,4,340
1,100003,34,5,335
1,100004,11,4,156
1,100005,24,5,211
1,100006,23,3,213
1,100007,57,3,124
1,100008,24,5,354
1,100009,18,3,225
1,100010,57,4,152
1,100011,51,5,265
1,100012,12,3,275
1,100013,39,2,182
1,100014,37,5,285
1,100015,54,3,237
1,100016,45,2,108
1,100017,37,2,243
1,100018,56,5,163
1,100019,55,4,286
1,100020,37,4,217
1,100021,40,2,353
1,100022,50,2,314
1,100023,58,2,145
1,100024,12,5,187
1,100025,24,2,326
1,100026,41,4,341
1,100027,16,5,310
1,100028,49,2,296
1,100029,57,4,211
1,100030,56,4,274
1,100031,32,4,254
1,100032,30,4,163
1,100033,42,5,130
1,100034,49,4,122
1,100035,45,4,123
1,100036,52,2,108
1,100037,38,5,280
1,100038,49,2,99
1,100039,21,5,94
1,100040,22,3,276
1,100041,24,2,193
1,100042,47,4,218
1,100043,54,2,196
1,100044,10,4,141
1,100045,52,5,147
1,100046,31,4,257
1,100047,53,3,277
1,100048,40,4,245
1,100049,14,3,97
1,100050,57,5,271
1,100051,47,2,106
1,100052,29,3,291
1,100053,35,2,103
1,100054,36,2,202
1,100055,45,3,297
1,100056,42,4,297
1,100057,57,3,228
1,100058,27,4,281
1,100059,38,4,261
1,100060,14,5,56
1,100061,38,5,35
1,100062,49,4,32
1,100063,34,5,8
1,100064,49,3,25
1,100065,10,3,25
1,100066,54,4,33
1,100067,58,4,58
1,100068,14,3,47
1,100069,26,3,10
1,100070,30,2,59
1,100071,40,5,54
1,100072,20,3,28
1,100073,24,3,55
1,100074,47,5,16
1,100075,57,4,59
1,100076,53,5,43
1,100077,15,3,37
1,100078,25,2,29
1,100079,11,3,45
1,100080,48,3,47
1,100081,49,4,57
1,100082,45,5,31
1,100083,22,4,24
1,100084,36,3,43
1,100085,10,2,17
1,100086,14,3,36
1,100087,22,5,20
1,100088,17,3,13
1,100089,58,5,13
1,100090,40,4,414
1,100091,38,5,724
1,100092,50,4,596
1,100093,50,2,648
1,100094,32,4,221
1,100095,29,2,212
1,100096,49,5,269
1,100097,41,2,703
1,100098,13,4,637
1,100099,14,2,270
1,100100,37,4,645
1,100101,31,3,558
1,100102,13,3,626
1,100103,35,3,412
1,100104,42,2,546
1,100105,23,4,542
1,100106,19,4,274
1,100107,30,5,395
1,100108,43,4,722
1,100109,28,4,314
1,100110,17,3,226
1,100111,22,4,564
1,100112,45,2,578
1,100113,12,5,562
1,100114,19,5,524
1,100115,12,4,447
1,100116,49,3,586
1,100117,23,4,276
1,100118,40,2,266
1,100119,27,2,662
2,100000,51,2,210
2,100001,47,2,352
2,100002,32,3,236
2,100003,16,4,110
2,100004,35,3,315
2,100005,55,3,261
2,100006,14,2,168
2,100007,47,5,310
2,100008,51,4,160
2,100009,39,4,212
2,100010,51,4,260
2,100011,57,2,269
2,100012,14,4,300
2,100013,43,2,205
2,100014,34,3,196
2,100015,34,3,128
2,100016,12,4,172
2,100017,54,3,103
2,100018,58,4,119
2,100019,46,5,235
2,100020,42,4,196
2,100021,31,2,354
2,100022,24,2,337
2,100023,34,2,225
2,100024,16,3,149
2,100025,28,5,159
2,100026,59,5,272
2,100027,50,4,302
2,100028,41,5,281
2,100029,53,4,280
2,100030,24,2,219
2,100031,26,4,139
2,100032,18,4,269
2,100033,28,3,237
2,100034,39,5,173
2,100035,33,5,154
2,100036,28,3,264
2,100037,51,5,179
2,100038,22,5,246
2,100039,26,3,198
2,100040,14,5,186
2,100041,26,3,177
2,100042,57,5,192
2,100043,20,5,135
2,100044,17,2,230
2,100045,37,3,98
2,100046,22,5,167
2,100047,13,5,91
2,100048,19,4,265
2,100049,15,4,285
2,100050,59,4,94
2,100051,52,4,227
2,100052,30,5,103
2,100053,37,2,132
2,100054,33,3,253
2,100055,26,3,255
2,100056,54,3,172
2,100057,20,2,163
2,100058,11,2,127
2,100059,40,5,132
2,100060,46,4,41
2,100061,45,4,53
2,100062,49,4,42
2,100063,34,2,32
2,100064,46,2,21
2,100065,31,2,10
2,100066,26,3,28
2,100067,26,5,20
2,100068,35,2,40
2,100069,31,5,36
2,100070,25,3,36
2,100071,45,4,30
2,100072,13,3,12
2,100073,35,2,12
2,100074,50,4,33
2,100075,25,4,44
2,100076,24,3,49
2,100077,40,4,47
2,100078,33,3,57
2,100079,32,5,15
2,100080,18,4,16
2,100081,43,3,21
2,100082,58,4,25
2,100083,30,3,58
2,100084,26,3,57
2,100085,11,4,23
2,100086,52,2,7
2,100087,46,5,16
2,100088,21,5,11
2,100089,47,4,37
2,100090,53,3,380
2,100091,25,2,706
2,100092,16,2,657
2,100093,13,4,234
2,100094,39,3,409
2,100095,48,4,657
2,100096,33,4,598
2,100097,54,5,599
2,100098,35,5,269
2,100099,44,4,350
2,100100,21,2,534
2,100101,42,3,641
2,100102,54,5,352
2,100103,21,3,708
2,100104,32,4,457
2,100105,23,5,525
2,100106,13,4,293
2,100107,22,2,545
2,100108,52,3,290
2,100109,12,4,417
2,100110,34,4,583
2,100111,26,2,688
2,100112,58,4,687
2,100113,23,4,342
2,100114,28,4,218
2,100115,58,2,725
2,100116,36,2,409
2,100117,36,2,466
2,100118,56,2,361
2,100119,51,5,518
3,100000,49,3,286
3,100001,16,5,266
3,100002,21,5,242
3,100003,18,4,361
3,100004,16,5,299
3,100005,28,3,176
3,100006,44,4,349
3,100007,34,2,157
3,100008,56,5,303
3,100009,19,3,351
3,100010,49,4,298
3,100011,20,3,339
3,100012,57,4,148
3,100013,52,4,350
3,100014,22,4,318
3,100015,41,3,244
3,100016,31,2,220
3,100017,42,5,100
3,100018,56,5,350
3,100019,50,2,347
3,100020,48,2,214
3,100021,54,5,140
3,100022,33,4,197
3,100023,16,2,240
3,100024,32,3,198
3,100025,48,4,274
3,100026,23,5,356
3,100027,14,4,164
3,100028,36,4,149
3,100029,31,3,156
3,100030,11,4,105
3,100031,54,5,102
3,100032,52,5,289
3,100033,19,4,143
3,100034,21,2,248
3,100035,57,3,162
3,100036,29,4,100
3,100037,35,3,189
3,100038,22,2,113
3,100039,55,2,205
3,100040,45,4,246
3,100041,26,5,215
3,100042,33,3,294
3,100043,40,3,208
3,100044,59,2,180
3,100045,10,4,197
3,100046,15,3,284
3,100047,47,2,272
3,100048,47,5,205
3,100049,23,5,296
3,100050,57,4,237
3,100051,42,5,273
3,100052,19,5,177
3,100053,43,5,267
3,100054,45,5,150
3,100055,27,4,168
3,100056,31,5,264
3,100057,28,5,132
3,100058,44,2,282
3,100059,21,5,139
3,100060,28,4,27
3,100061,52,2,15
3,100062,45,3,54
3,100063,41,4,53
3,100064,40,5,41
3,100065,41,3,59
3,100066,41,4,43
3,100067,48,3,43
3,100068,41,2,36
3,100069,20,4,8
3,100070,46,2,26
3,100071,58,4,44
3,100072,16,2,46
3,100073,51,5,53
3,100074,50,4,54
3,100075,18,2,17
3,100076,50,4,36
3,100077,49,4,28
3,100078,41,5,26
3,100079,16,5,13
3,100080,54,4,31
3,100081,33,5,50
3,100082,57,4,19
3,100083,21,2,10
3,100084,26,3,7
3,100085,53,3,12
3,100086,52,3,17
3,100087,34,4,46
3,100088,55,5,34
3,100089,50,5,18
3,100090,32,2,720
3,100091,57,2,230
3,100092,35,2,480
3,100093,19,4,329
3,100094,34,3,636
3,100095,22,3,706
3,100096,35,2,353
3,100097,53,5,522
3,100098,47,5,240
3,100099,22,5,395
3,100100,21,4,602
3,100101,23,3,550
3,100102,59,4,284
3,100103,52,3,722
3,100104,34,5,670
3,100105,22,5,677
3,100106,51,2,626
3,100107,25,3,502
3,100108,48,4,411
3,100109,58,2,211
3,100110,15,4,244
3,100111,21,2,658
3,100112,14,2,245
3,100113,27,2,545
3,100114,43,2,507
3,100115,39,2,506
3,100116,36,5,389
3,100117,38,4,312
3,100118,31,3,561
3,100119,33,3,598
4,100000,15,5,159
4,100001,12,3,157
4,100002,24,2,101
4,100003,41,2,242
4,100004,59,4,323
4,100005,32,4,279
4,100006,52,2,136
4,100007,42,2,328
4,100008,46,5,209
4,100009,55,5,184
4,100010,47,5,339
4,100011,36,2,118
4,100012,34,3,360
4,100013,45,5,257
4,100014,25,5,211
4,100015,30,4,117
4,100016,40,2,230
4,100017,17,2,344
4,100018,17,4,106
4,100019,56,2,238
4,100020,20,3,276
4,100021,59,5,140
4,100022,13,3,293
4,100023,20,4,324
4,100024,30,3,360
4,100025,46,5,217
4,100026,31,2,143
4,100027,22,3,280
4,100028,12,2,215
4,100029,20,4,191
4,100030,30,4,174
4,100031,57,3,106
4,100032,42,4,280
4,100033,10,3,294
4,100034,22,5,226
4,100035,39,2,126
4,100036,46,4,262
4,100037,23,3,224
4,100038,15,3,137
4,100039,46,5,297
4,100040,15,5,135
4,100041,12,5,113
4,100042,43,2,90
4,100043,21,3,98
4,100044,59,5,227
4,100045,57,4,207
4,100046,33,2,95
4,100047,30,5,241
4,100048,56,3,184
4,100049,39,5,194
4,100050,21,4,299
4,100051,50,5,160
4,100052,15,2,178
4,100053,25,5,199
4,100054,13,2,201
4,100055,56,5,255
4,100056,17,4,239
4,100057,36,3,230
4,100058,22,3,107
4,100059,23,4,279
4,100060,59,2,45
4,100061,45,2,28
4,100062,41,3,57
4,100063,38,3,48
4,100064,13,4,56
4,100065,49,3,51
4,100066,20,4,34
4,100067,17,5,21
4,100068,30,2,56
4,100069,33,3,35
4,100070,44,2,46
4,100071,25,2,26
4,100072,26,4,37
4,100073,57,4,37
4,100074,39,4,12
4,100075,57,5,13
4,100076,55,4,48
4,100077,21,5,40
4,100078,54,4,58
4,100079,21,2,33
4,100080,25,3,14
4,100081,44,5,35
4,100082,40,2,35
4,100083,11,2,18
4,100084,50,2,14
4,100085,58,2,46
4,100086,47,5,38
4,100087,32,5,21
4,100088,30,3,19
4,100089,22,4,18
4,100090,59,3,714
4,100091,23,2,527
4,100092,43,4,424
4,100093,31,3,291
4,100094,30,2,379
4,100095,35,2,186
4,100096,40,2,465
4,100097,25,4,595
4,100098,53,5,329
4,100099,23,5,472
4,100100,29,4,222
4,100101,24,5,671
4,100102,35,2,351
4,100103,44,5,500
4,100104,54,4,711
4,100105,51,3,633
4,100106,40,3,262
4,100107,37,5,413
4,100108,56,3,628
4,100109,54,3,643
4,100110,11,5,354
4,100111,48,4,564
4,100112,33,3,254
4,100113,23,4,321
4,100114,31,5,350
4,100115,36,5,407
4,100116,16,5,241
4,100117,17,3,312
4,100118,45,4,368
4,100119,59,3,442
5,100000,17,3,323
5,100001,19,4,175
5,100002,18,3,241
5,100003,14,2,193
5,100004,29,2,292
5,100005,35,5,302
5,100006,15,3,294
5,100007,54,4,206
5,100008,43,5,301
5,100009,26,5,211
5,100010,33,4,197
5,100011,38,5,360
5,100012,43,5,349
5,100013,46,5,252
5,100014,55,2,279
5,100015,32,3,333
5,100016,59,2,193
5,100017,38,2,259
5,100018,48,4,284
5,100019,14,5,209
5,100020,27,3,195
5,100021,50,2,276
5,100022,51,5,237
5,100023,17,4,143
5,100024,28,4,225
5,100025,49,5,163
5,100026,18,3,150
5,100027,26,5,155
5,100028,25,3,227
5,100029,26,2,274
5,100030,36,5,215
5,100031,46,4,111
5,100032,44,2,256
5,100033,57,4,167
5,100034,11,3,198
5,100035,48,2,141
5,100036,18,3,231
5,100037,16,5,152
5,100038,37,3,135
5,100039,26,4,216
5,100040,13,2,269
5,100041,12,4,299
5,100042,42,2,254
5,100043,17,4,113
5,100044,42,5,91
5,100045,22,3,175
5,100046,52,2,170
5,100047,18,2,210
5,100048,32,3,277
5,100049,13,2,260
5,100050,18,4,132
5,100051,32,3,105
5,100052,40,2,176
5,100053,15,4,158
5,100054,57,5,282
5,100055,33,2,235
5,100056,16,2,227
5,100057,31,5,262
5,100058,23,4,205
5,100059,43,5,176
5,100060,22,4,46
5,100061,37,5,50
5,100062,59,4,22
5,100063,13,5,34
5,100064,25,2,18
5,100065,45,3,55
5,100066,35,5,26
5,100067,31,5,32
5,100068,14,2,15
5,100069,43,3,55
5,100070,16,4,59
5,100071,22,5,42
5,100072,39,4,36
5,100073,12,4,37
5,100074,57,4,8
5,100075,26,5,21
5,100076,16,5,58
5,100077,43,2,11
5,100078,25,2,51
5,100079,56,5,9
5,100080,59,2,49
5,100081,17,3,47
5,100082,14,2,57
5,100083,23,4,43
5,100084,37,4,47
5,100085,44,5,23
5,100086,54,5,28
5,100087,38,3,59
5,100088,44,5,24
5,100089,59,2,22
5,100090,28,4,337
5,100091,35,2,200
5,100092,48,2,719
5,100093,29,5,464
5,100094,19,3,690
5,100095,42,5,575
5,100096,34,2,716
5,100097,18,4,695
5,100098,35,4,683
5,100099,16,5,399
5,100100,44,5,255
5,100101,18,3,211
5,100102,53,2,704
5,100103,28,3,531
5,100104,21,3,579
5,100105,22,2,709
5,100106,21,5,537
5,100107,38,3,239
5,100108,52,4,180
5,100109,43,3,347
5,100110,13,3,596
5,100111,55,5,337
5,100112,16,4,514
5,100113,38,4,293
5,100114,29,4,597
5,100115,26,5,488
5,100116,22,5,391
5,100117,56,5,395
5,100118,17,4,570
5,100119,55,3,456
6,100000,39,3,313
6,100001,31,2,174
6,100002,23,3,252
6,100003,22,4,281
6,100004,27,3,257
6,100005,25,5,182
6,100006,24,5,103
6,100007,56,5,211
6,100008,42,2,119
6,100009,14,3,296
6,100010,22,5,266
6,100011,39,2,263
6,100012,32,2,167
6,100013,15,5,184
6,100014,40,4,210
6,100015,59,5,177
6,100016,24,4,239
6,100017,14,2,268
6,100018,32,4,361
6,100019,42,4,328
6,100020,30,5,221
6,100021,48,4,292
6,100022,38,5,244
6,100023,35,5,163
6,100024,46,2,335
6,100025,56,3,252
6,100026,31,2,250
6,100027,39,4,281
6,100028,18,5,175
6,100029,46,5,302
6,100030,17,2,96
6,100031,12,5,218
6,100032,52,2,117
6,100033,10,3,135
6,100034,44,3,191
6,100035,19,3,293
6,100036,37,3,113
6,100037,22,5,105
6,100038,52,4,189
6,100039,41,4,167
6,100040,28,3,180
6,100041,10,2,274
6,100042,42,4,266
6,100043,45,4,108
6,100044,24,5,287
6,100045,42,5,209
6,100046,58,4,116
6,100047,42,2,112
6,100048,38,4,145
6,100049,43,3,282
6,100050,15,5,299
6,100051,10,4,129
6,100052,39,5,131
6,100053,19,4,121
6,100054,18,2,158
6,100055,20,4,278
6,100056,19,4,285
6,100057,47,5,212
6,100058,33,4,266
6,100059,50,4,250
6,100060,11,4,25
6,100061,44,2,17
6,100062,12,3,48
6,100063,30,2,41
6,100064,11,2,45
6,100065,29,4,13
6,100066,45,4,12
6,100067,55,4,27
6,100068,17,3,42
6,100069,52,5,10
6,100070,16,5,9
6,100071,10,3,8
6,100072,47,4,7
6,100073,33,2,13
6,100074,37,3,27
6,100075,41,2,30
6,100076,19,2,39
6,100077,42,2,55
6,100078,13,5,13
6,100079,41,5,29
6,100080,55,4,22
6,100081,23,4,16
6,100082,43,5,42
6,100083,25,2,24
6,100084,50,4,43
6,100085,17,5,31
6,100086,57,3,26
6,100087,27,5,26
6,100088,45,3,54
6,100089,27,4,9
6,100090,27,5,667
6,100091,15,3,214
6,100092,41,5,526
6,100093,16,5,312
6,100094,36,4,521
6,100095,54,2,410
6,100096,35,4,726
6,100097,12,2,653
6,100098,37,4,629
6,100099,58,3,599
6,100100,43,2,601
6,100101,38,2,464
6,100102,18,3,637
6,100103,22,3,392
6,100104,20,5,537
6,100105,55,3,237
6,100106,58,5,402
6,100107,51,4,597
6,100108,42,5,282
6,100109,42,5,339
6,100110,43,5,577
6,100111,16,2,285
6,100112,30,4,233
6,100113,20,3,403
6,100114,20,3,193
6,100115,53,4,661
6,100116,23,2,580
6,100117,36,5,483
6,100118,26,2,363
6,100119,47,4,191
7,100000,35,4,245
7,100001,15,2,136
7,100002,58,2,269
7,100003,10,2,241
7,100004,38,2,324
7,100005,54,4,217
7,100006,39,2,235
7,100007,27,4,144
7,100008,13,4,304
7,100009,34,3,149
7,100010,40,5,342
7,100011,48,4,155
7,100012,16,3,227
7,100013,25,4,346
7,100014,32,5,338
7,100015,33,2,323
7,100016,28,4,319
7,100017,26,3,332
7,100018,48,4,179
7,100019,27,4,224
7,100020,39,4,223
7,100021,34,4,210
7,100022,33,5,257
7,100023,32,3,135
7,100024,13,3,281
7,100025,38,4,258
7,100026,22,2,263
7,100027,30,4,172
7,100028,34,2,294
7,100029,38,4,175
7,100030,20,2,205
7,100031,23,5,243
7,100032,19,4,297
7,100033,19,3,125
7,100034,53,3,109
7,100035,24,2,290
7,100036,35,5,160
7,100037,29,5,229
7,100038,31,5,167
7,100039,41,4,118
7,100040,44,4,208
7,100041,29,4,185
7,100042,44,3,97
7,100043,50,3,166
7,100044,25,2,200
7,100045,54,4,142
7,100046,42,4,95
7,100047,23,4,104
7,100048,14,5,152
7,100049,35,5,210
7,100050,52,4,298
7,100051,25,4,269
7,100052,32,2,255
7,100053,55,3,182
7,100054,36,4,187
7,100055,59,2,148
7,100056,12,5,115
7,100057,14,3,136
7,100058,14,3,173
7,100059,34,5,169
7,100060,39,3,31
7,100061,52,5,28
7,100062,28,3,36
7,100063,29,4,48
7,100064,24,4,28
7,100065,33,3,40
7,100066,37,3,23
7,100067,45,4,37
7,100068,19,2,15
7,100069,40,2,40
7,100070,52,4,49
7,100071,55,2,39
7,100072,30,3,7
7,100073,18,5,29
7,100074,30,3,7
7,100075,10,4,10
7,100076,24,5,16
7,100077,38,5,42
7,100078,14,2,52
7,100079,56,4,53
7,100080,25,5,31
7,100081,34,2,42
7,100082,14,2,7
7,100083,14,5,26
7,100084,57,3,35
7,100085,27,3,54
7,100086,38,2,22
7,100087,44,4,22
7,100088,51,2,49
7,100089,58,5,10
7,100090,33,4,513
7,100091,16,2,591
7,100092,19,2,215
7,100093,28,3,402
7,100094,15,5,420
7,100095,47,2,570
7,100096,43,2,677
7,100097,32,2,724
7,100098,11,3,185
7,100099,12,5,316
7,100100,33,4,652
7,100101,53,4,528
7,100102,35,3,347
7,100103,13,4,650
7,100104,23,2,669
7,100105,16,5,282
7,100106,28,3,221
7,100107,51,3,372
7,100108,22,3,681
7,100109,33,5,607
7,100110,47,2,505
7,100111,32,3,287
7,100112,55,4,236
7,100113,32,5,431
7,100114,10,5,433
7,100115,23,2,438
7,100116,56,3,213
7,100117,50,5,417
7,100118,44,3,720
7,100119,39,4,483
8,100000,24,5,216
8,100001,42,3,284
8,100002,13,4,263
8,100003,42,5,332
8,100004,25,2,354
8,100005,15,4,302
8,100006,21,3,190
8,100007,46,2,275
8,100008,26,5,132
8,100009,49,3,256
8,100010,22,4,274
8,100011,41,2,173
8,100012,12,3,272
8,100013,12,2,254
8,100014,20,3,357
8,100015,42,3,330
8,100016,35,4,242
8,100017,47,4,227
8,100018,48,4,345
8,100019,30,4,301
8,100020,39,5,257
8,100021,24,5,358
8,100022,51,3,105
8,100023,27,3,211
8,100024,58,3,310
8,100025,22,4,129
8,100026,21,3,215
8,100027,21,5,158
8,100028,13,5,315
8,100029,58,4,180
8,100030,18,2,166
8,100031,17,2,194
8,100032,25,4,105
8,100033,25,2,117
8,100034,55,3,199
8,100035,29,2,255
8,100036,50,3,137
8,100037,38,4,207
8,100038,29,3,163
8,100039,41,5,244
8,100040,49,2,99
8,100041,42,3,275
8,100042,56,3,256
8,100043,17,2,290
8,100044,13,5,131
8,100045,49,2,117
8,100046,53,4,193
8,100047,56,2,274
8,100048,35,4,233
8,100049,59,2,184
8,100050,25,4,298
8,100051,19,3,254
8,100052,53,4,127
8,100053,58,3,163
8,100054,15,5,140
8,100055,22,2,148
8,100056,59,5,101
8,100057,59,2,146
8,100058,11,5,208
8,100059,18,5,195
8,100060,17,4,56
8,100061,18,2,9
8,100062,40,2,15
8,100063,53,3,58
8,100064,17,4,51
8,100065,54,2,37
8,100066,40,2,51
8,100067,28,4,53
8,100068,39,3,52
8,100069,38,5,55
8,100070,21,2,24
8,100071,20,2,29
8,100072,34,4,30
8,100073,56,2,31
8,100074,20,2,18
8,100075,37,5,44
8,100076,34,4,16
8,100077,59,4,42
8,100078,50,5,15
8,100079,12,2,14
8,100080,55,4,24
8,100081,45,2,23
8,100082,59,4,34
8,100083,28,5,21
8,100084,15,4,28
8,100085,53,5,13
8,100086,29,2,15
8,100087,11,5,17
8,100088,57,5,28
8,100089,16,3,11
8,100090,19,3,457
8,100091,55,3,347
8,100092,32,4,719
8,100093,38,2,564
8,100094,11,5,201
8,100095,15,4,411
8,100096,42,4,576
8,100097,42,3,642
8,100098,21,4,244
8,100099,13,2,196
8,100100,16,5,362
8,100101,16,3,661
8,100102,37,3,620
8,100103,13,4,573
8,100104,32,4,588
8,100105,47,5,641
8,100106,56,5,330
8,100107,12,4,728
8,100108,43,5,192
8,100109,21,5,628
8,100110,18,5,262
8,100111,36,3,513
8,100112,42,2,633
8,100113,22,3,268
8,100114,42,2,599
8,100115,45,2,533
8,100116,32,5,189
8,100117,44,3,565
8,100118,54,2,674
8,100119,25,4,710
9,100000,11,5,100
9,100001,11,3,126
9,100002,19,4,321
9,100003,57,5,240
9,100004,54,2,194
9,100005,59,3,156
9,100006,38,3,268
9,100007,53,4,148
9,100008,16,3,104
9,100009,37,5,301
9,100010,46,5,326
9,100011,22,4,247
9,100012,54,5,155
9,100013,46,4,284
9,100014,45,5,319
9,100015,51,2,310
9,100016,37,5,122
9,100017,27,4,287
9,100018,56,4,148
9,100019,34,3,138
9,100020,28,2,361
9,100021,10,5,232
9,100022,52,3,210
9,100023,18,2,337
9,100024,13,5,346
9,100025,10,4,272
9,100026,27,2,155
9,100027,29,4,275
9,100028,11,2,179
9,100029,16,4,109
9,100030,18,3,140
9,100031,26,2,279
9,100032,46,5,98
9,100033,20,5,128
9,100034,55,3,242
9,100035,33,5,99
9,100036,28,4,297
9,100037,20,3,248
9,100038,41,4,159
9,100039,22,4,265
9,100040,50,5,156
9,100041,47,2,124
9,100042,12,3,170
9,100043,33,3,165
9,100044,57,4,100
9,100045,33,3,137
9,100046,50,2,116
9,100047,43,5,276
9,100048,57,3,147
9,100049,12,5,235
9,100050,15,4,218
9,100051,52,4,175
9,100052,14,5,225
9,100053,56,2,162
9,100054,55,5,117
9,100055,33,5,209
9,100056,26,3,205
9,100057,25,3,109
9,100058,52,3,251
9,100059,39,4,183
9,100060,55,4,31
9,100061,50,4,49
9,100062,29,2,53
9,100063,56,3,9
9,100064,45,3,46
9,100065,43,3,16
9,100066,36,3,14
9,100067,24,2,56
9,100068,54,3,28
9,100069,11,2,37
9,100070,23,3,37
9,100071,45,4,36
9,100072,24,3,46
9,100073,38,4,37
9,100074,18,5,27
9,100075,24,5,41
9,100076,25,5,55
9,100077,17,4,17
9,100078,55,2,25
9,100079,45,2,9
9,100080,20,4,42
9,100081,26,3,22
9,100082,33,2,48
9,100083,29,3,54
9,100084,16,3,12
9,100085,21,3,17
9,100086,14,5,11
9,100087,24,3,26
9,100088,39,5,39
9,100089,18,4,29
9,100090,57,4,535
9,100091,23,5,329
9,100092,59,5,720
9,100093,43,3,419
9,100094,34,4,634
9,100095,41,5,514
9,100096,25,3,506
9,100097,32,5,260
9,100098,40,2,437
9,100099,41,2,302
9,100100,17,4,694
9,100101,40,3,693
9,100102,58,2,550
9,100103,38,2,327
9,100104,52,3,441
9,100105,21,5,210
9,100106,25,2,370
9,100107,33,5,270
9,100108,27,2,680
9,100109,25,5,290
9,100110,42,3,612
9,100111,27,3,626
9,100112,23,2,419
9,100113,33,3,597
9,100114,32,2,623
9,100115,45,3,302
9,100116,45,2,395
9,100117,54,5,407
9,100118,10,2,509
9,100119,46,4,666
10,100000,40,4,210
10,100001,32,2,308
10,100002,29,3,278
10,100003,53,5,112
10,100004,50,4,224
10,100005,52,3,225
10,100006,22,3,148
10,100007,48,2,293
10,100008,46,2,310
10,100009,22,5,123
10,100010,50,3,182
10,100011,51,5,278
10,100012,49,5,305
10,100013,29,5,212
10,100014,59,4,207
10,100015,51,5,360
10,100016,23,3,361
10,100017,23,5,225
10,100018,36,3,161
10,100019,17,3,111
10,100020,35,5,243
10,100021,29,2,320
10,100022,38,3,222
10,100023,22,2,116
10,100024,55,2,318
10,100025,48,4,136
10,100026,56,2,241
10,100027,33,3,232
10,100028,39,5,194
10,100029,18,4,355
10,100030,51,3,245
10,100031,45,5,107
10,100032,29,3,235
10,100033,38,2,249
10,100034,27,4,265
10,100035,37,2,154
10,100036,13,4,139
10,100037,45,2,173
10,100038,37,4,191
10,100039,54,4,95
10,100040,45,2,224
10,100041,33,2,223
10,100042,45,5,134
10,100043,54,4,191
10,100044,46,2,118
10,100045,34,3,185
10,100046,34,4,124
10,100047,41,4,262
10,100048,13,3,101
10,100049,12,2,179
10,100050,38,2,290
10,100051,50,2,171
10,100052,50,3,173
10,100053,37,5,204
10,100054,30,2,105
10,100055,41,3,131
10,100056,15,3,127
10,100057,22,3,255
10,100058,22,4,192
10,100059,42,5,229
10,100060,27,3,9
10,100061,11,5,46
10,100062,37,5,56
10,100063,35,2,31
10,100064,11,3,53
10,100065,39,2,40
10,100066,53,2,27
10,100067,32,2,50
10,100068,36,5,8
10,100069,43,5,28
10,100070,35,5,26
10,100071,54,5,12
10,100072,51,2,29
10,100073,15,2,14
10,100074,31,3,58
10,100075,26,3,38
10,100076,46,4,23
10,100077,58,2,55
10,100078,41,4,19
10,100079,16,3,28
10,100080,15,2,27
10,100081,25,4,20
10,100082,56,2,15
10,100083,39,3,56
10,100084,51,5,48
10,100085,12,2,29
10,100086,46,4,9
10,100087,45,2,9
10,100088,13,4,9
10,100089,23,2,8
10,100090,11,4,210
10,100091,39,2,679
10,100092,34,3,225
10,100093,55,2,554
10,100094,34,2,531
10,100095,26,3,284
10,100096,22,4,480
10,100097,48,3,409
10,100098,41,3,211
10,100099,15,2,283
10,100100,27,3,246
10,100101,47,4,553
10,100102,14,5,291
10,100103,43,4,233
10,100104,57,5,474
10,100105,57,2,655
10,100106,25,5,469
10,100107,37,4,549
10,100108,13,3,528
10,100109,34,4,248
10,100110,24,4,315
10,100111,29,4,702
10,100112,47,2,621
10,100113,27,2,387
10,100114,10,2,539
10,100115,34,4,560
10,100116,59,5,573
10,100117,42,5,211
10,100118,35,3,413
10,100119,50,2,613
11,100000,44,3,229
11,100001,40,4,297
11,100002,37,4,303
11,100003,21,3,246
11,100004,11,4,147
11,100005,46,4,271
11,100006,51,5,120
11,100007,55,2,109
11,100008,14,5,132
11,100009,46,2,290
11,100010,15,2,320
11,100011,51,4,259
11,100012,20,3,258
11,100013,36,4,319
11,100014,29,4,286
11,100015,48,5,243
11,100016,24,3,192
11,100017,58,2,218
11,100018,39,5,128
11,100019,36,4,237
11,100020,44,5,333
11,100021,45,2,339
11,100022,54,2,311
11,100023,34,5,186
11,100024,58,4,287
11,100025,44,5,169
11,100026,13,5,279
11,100027,10,2,332
11,100028,43,4,189
11,100029,58,5,250
11,100030,38,3,102
11,100031,36,4,199
11,100032,19,4,132
11,100033,33,2,163
11,100034,44,2,103
11,100035,26,2,251
11,100036,12,3,185
11,100037,17,5,296
11,100038,35,5,127
11,100039,18,2,247
11,100040,20,3,121
11,100041,50,3,251
11,100042,27,2,236
11,100043,21,5,171
11,100044,36,4,132
11,100045,15,2,94
11,100046,51,5,176
11,100047,13,5,199
11,100048,53,4,185
11,100049,51,4,179
11,100050,20,3,162
11,100051,35,5,244
11,100052,30,2,217
11,100053,10,3,161
11,100054,22,2,275
11,100055,56,4,95
11,100056,45,5,201
11,100057,26,2,275
11,100058,31,4,101
11,100059,21,3,269
11,100060,53,2,12
11,100061,46,2,58
11,100062,43,5,9
11,100063,56,2,16
11,100064,52,2,48
11,100065,23,2,15
11,100066,50,5,33
11,100067,11,4,10
11,100068,30,2,39
11,100069,20,2,50
11,100070,20,2,52
11,100071,11,4,13
11,100072,56,3,14
11,100073,51,4,46
11,100074,55,2,41
11,100075,30,5,47
11,100076,17,4,44
11,100077,17,5,38
11,100078,32,5,16
11,100079,47,3,54
11,100080,32,2,47
11,100081,15,2,27
11,100082,34,5,23
11,100083,31,2,30
11,100084,23,3,23
11,100085,28,3,32
11,100086,11,5,9
11,100087,31,4,8
11,100088,58,3,10
11,100089,29,3,45
11,100090,40,3,380
11,100091,35,5,471
11,100092,19,3,312
11,100093,42,2,688
11,100094,49,3,472
11,100095,31,5,393
11,100096,26,4,194
11,100097,37,4,224
11,100098,26,2,349
11,100099,13,3,580
11,100100,18,4,222
11,100101,18,4,358
11,100102,40,2,423
11,100103,48,3,291
11,100104,39,5,726
11,100105,49,2,616
11,100106,15,3,653
11,100107,41,2,491
11,100108,22,4,550
11,100109,47,3,409
11,100110,14,4,557
11,100111,33,3,446
11,100112,39,5,544
11,100113,53,4,290
11,100114,14,3,648
11,100115,43,4,429
11,100116,15,5,380
11,100117,56,2,725
11,100118,26,5,723
11,100119,52,5,212
12,100000,18,3,206
12,100001,39,3,278
12,100002,29,4,224
12,100003,50,5,250
12,100004,32,3,134
12,100005,32,3,330
12,100006,32,4,200
12,100007,28,2,255
12,100008,39,2,161
12,100009,59,4,125
12,100010,45,3,351
12,100011,13,2,199
12,100012,11,2,235
12,100013,52,5,154
12,100014,30,3,209
12,100015,43,4,364
12,100016,45,5,228
12,100017,57,3,167
12,100018,25,2,243
12,100019,31,4,227
12,100020,33,5,306
12,100021,27,2,161
12,100022,19,4,151
12,100023,11,2,164
12,100024,26,5,262
12,100025,39,5,251
12,100026,29,3,257
12,100027,59,4,205
12,100028,39,5,212
12,100029,40,3,276
12,100030,52,3,135
12,100031,20,3,186
12,100032,44,5,169
12,100033,30,5,250
12,100034,35,2,161
12,100035,35,2,279
12,100036,40,2,247
12,100037,50,2,100
12,100038,22,4,155
12,100039,35,2,299
12,100040,23,2,261
12,100041,51,5,148
12,100042,13,5,155
12,100043,13,4,292
12,100044,19,4,162
12,100045,24,3,95
12,100046,31,2,120
12,100047,42,2,95
12,100048,39,2,110
12,100049,31,3,189
12,100050,49,4,111
12,100051,40,4,136
12,100052,27,3,166
12,100053,26,3,273
12,100054,41,4,114
12,100055,35,3,102
12,100056,22,2,100
12,100057,46,3,267
12,100058,48,4,90
12,100059,41,2,125
12,100060,40,4,21
12,100061,34,2,12
12,100062,27,3,58
12,100063,45,2,37
12,100064,12,2,52
12,100065,52,2,33
12,100066,18,2,50
12,100067,59,2,21
12,100068,37,2,51
12,100069,54,4,30
12,100070,51,3,16
12,100071,31,4,45
12,100072,48,5,43
12,100073,19,3,16
12,100074,37,2,31
12,100075,15,5,21
12,100076,28,5,18
12,100077,47,2,17
12,100078,24,5,8
12,100079,14,4,42
12,100080,19,2,49
12,100081,33,3,40
12,100082,39,4,58
12,100083,46,4,57
12,100084,14,5,46
12,100085,23,4,50
12,100086,17,2,17
12,100087,21,4,14
12,100088,57,4,25
12,100089,37,4,52
12,100090,39,3,378
12,100091,15,3,267
12,100092,58,3,630
12,100093,56,3,614
12,100094,35,5,569
12,100095,20,5,729
12,100096,29,3,528
12,100097,57,4,205
12,100098,23,5,549
12,100099,21,5,366
12,100100,30,5,458
12,100101,26,3,204
12,100102,12,2,208
12,100103,17,3,492
12,100104,25,3,474
12,100105,20,3,402
12,100106,55,2,711
12,100107,13,5,352
12,100108,29,4,658
12,100109,53,2,346
12,100110,45,3,297
12,100111,40,5,354
12,100112,48,3,406
12,100113,56,3,642
12,100114,31,2,283
12,100115,22,4,429
12,100116,16,5,567
12,100117,53,5,617
12,100118,57,4,193
12,100119,40,5,493
13,100000,44,3,268
13,100001,51,3,342
13,100002,28,4,117
13,100003,53,3,330
13,100004,48,3,352
13,100005,39,5,348
13,100006,34,4,141
13,100007,59,2,360
13,100008,48,2,339
13,100009,51,2,318
13,100010,24,4,232
13,100011,17,5,205
13,100012,20,3,300
13,100013,43,4,249
13,100014,51,4,195
13,100015,47,2,242
13,100016,59,5,145
13,100017,23,3,102
13,100018,41,5,160
13,100019,55,3,324
13,100020,50,4,233
13,100021,20,3,325
13,100022,55,4,156
13,100023,31,5,339
13,100024,48,3,162
13,100025,10,3,340
13,100026,45,4,305
13,100027,15,4,282
13,100028,45,2,206
13,100029,50,5,254
13,100030,44,5,105
13,100031,44,2,273
13,100032,30,3,236
13,100033,32,4,250
13,100034,15,5,152
13,100035,12,4,239
13,100036,51,4,169
13,100037,26,4,242
13,100038,37,4,166
13,100039,48,5,291
13,100040,33,2,255
13,100041,53,5,298
13,100042,15,3,188
13,100043,25,2,213
13,100044,20,5,243
13,100045,40,2,242
13,100046,12,5,134
13,100047,55,3,129
13,100048,34,5,130
13,100049,47,5,170
13,100050,28,5,253
13,100051,11,2,146
13,100052,56,3,119
13,100053,45,3,150
13,100054,10,3,186
13,100055,56,4,93
13,100056,37,2,178
13,100057,51,2,239
13,100058,53,5,170
13,100059,25,2,165
13,100060,26,4,22
13,100061,24,2,37
13,100062,36,2,46
13,100063,17,3,8
13,100064,19,2,13
13,100065,52,2,10
13,100066,44,4,42
13,100067,12,3,49
13,100068,55,5,24
13,100069,33,5,49
13,100070,11,3,40
13,100071,32,4,16
13,100072,52,2,18
13,100073,23,2,24
13,100074,21,4,21
13,100075,41,4,22
13,100076,43,3,44
13,100077,43,5,22
13,100078,42,5,13
13,100079,16,3,49
13,100080,58,2,10
13,100081,52,5,17
13,100082,24,3,17
13,100083,43,3,23
13,100084,21,3,54
13,100085,57,4,34
13,100086,36,3,14
13,100087,11,4,30
13,100088,10,2,28
13,100089,34,5,20
13,100090,50,4,279
13,100091,10,3,568
13,100092,42,3,198
13,100093,19,3,639
13,100094,55,2,539
13,100095,57,4,194
13,100096,45,3,725
13,100097,18,3,534
13,100098,48,5,710
13,100099,42,5,294
13,100100,31,5,254
13,100101,32,4,421
13,100102,40,2,688
13,100103,47,3,184
13,100104,43,5,204
13,100105,29,2,572
13,100106,36,3,288
13,100107,26,2,234
13,100108,54,2,231
13,100109,24,4,477
13,100110,59,3,197
13,100111,34,4,425
13,100112,51,5,419
13,100113,18,4,192
13,100114,52,4,377
13,100115,52,3,686
13,100116,32,5,608
13,100117,25,4,341
13,100118,50,4,614
13,100119,55,2,411
14,100000,48,2,185
14,100001,27,5,147
14,100002,59,3,176
14,100003,59,4,356
14,100004,13,4,158
14,100005,48,4,133
14,100006,28,3,350
14,100007,55,5,279
14,100008,52,4,220
14,100009,26,4,122
14,100010,52,3,253
14,100011,55,3,351
14,100012,40,2,169
14,100013,44,2,236
14,100014,45,5,175
14,100015,33,3,147
14,100016,39,2,291
14,100017,48,4,355
14,100018,27,2,127
14,100019,59,2,217
14,100020,10,2,174
14,100021,55,5,199
14,100022,57,2,255
14,100023,17,3,358
14,100024,15,2,297
14,100025,21,2,328
14,100026,58,4,204
14,100027,57,5,116
14,100028,30,5,243
14,100029,33,3,351
14,100030,17,5,187
14,100031,57,5,238
14,100032,25,3,117
14,100033,24,5,141
14,100034,24,5,179
14,100035,52,4,151
14,100036,50,2,221
14,100037,37,2,188
14,100038,18,3,136
14,100039,53,5,284
14,100040,19,5,158
14,100041,23,3,168
14,100042,25,3,230
14,100043,17,3,257
14,100044,39,2,298
14,100045,58,3,282
14,100046,58,2,137
14,100047,34,3,219
14,100048,42,2,192
14,100049,40,3,212
14,100050,48,2,159
14,100051,46,5,191
14,100052,43,3,247
14,100053,58,5,152
14,100054,36,4,180
14,100055,28,4,174
14,100056,48,5,240
14,100057,56,4,197
14,100058,11,4,196
14,100059,29,5,268
14,100060,25,2,21
14,100061,21,4,53
14,100062,52,5,45
14,100063,52,2,35
14,100064,57,2,9
14,100065,32,3,8
14,100066,35,4,32
14,100067,14,4,16
14,100068,41,3,18
14,100069,31,2,37
14,100070,29,4,26
14,100071,56,3,14
14,100072,32,3,55
14,100073,37,2,59
14,100074,17,4,35
14,100075,54,3,53
14,100076,34,2,56
14,100077,54,2,28
14,100078,38,2,41
14,100079,21,5,13
14,100080,41,4,30
14,100081,41,5,38
14,100082,20,3,32
14,100083,48,2,24
14,100084,20,3,22
14,100085,57,4,41
14,100086,32,4,48
14,100087,57,2,40
14,100088,27,5,16
14,100089,35,4,14
14,100090,33,4,295
14,100091,26,2,662
14,100092,31,4,471
14,100093,18,3,395
14,100094,43,4,648
14,100095,31,5,634
14,100096,43,4,193
14,100097,34,2,669
14,100098,41,3,386
14,100099,30,4,412
14,100100,16,5,418
14,100101,49,5,485
14,100102,24,2,642
14,100103,44,4,415
14,100104,14,3,362
14,100105,24,4,567
14,100106,54,3,598
14,100107,11,5,234
14,100108,37,3,203
14,100109,41,4,607
14,100110,30,4,518
14,100111,15,5,691
14,100112,54,4,267
14,100113,18,2,398
14,100114,20,3,449
14,100115,29,5,189
14,100116,43,2,365
14,100117,35,3,453
14,100118,56,2,277
14,100119,48,2,293
15,100000,37,5,340
15,100001,25,5,143
15,100002,32,5,237
15,100003,24,5,341
15,100004,15,5,149
15,100005,48,5,260
15,100006,19,2,130
15,100007,19,5,268
15,100008,23,4,284
15,100009,16,5,260
15,100010,19,4,147
15,100011,13,5,265
15,100012,45,4,218
15,100013,41,5,325
15,100014,42,5,169
15,100015,45,2,280
15,100016,56,3,296
15,100017,16,5,139
15,100018,37,4,252
15,100019,56,2,176
15,100020,17,3,126
15,100021,50,3,320
15,100022,16,3,168
15,100023,56,2,286
15,100024,13,5,345
15,100025,42,2,208
15,100026,55,2,281
15,100027,53,3,347
15,100028,41,3,363
15,100029,22,2,324
15,100030,48,3,257
15,100031,53,2,150
15,100032,53,5,279
15,100033,40,5,291
15,100034,34,2,100
15,100035,54,3,135
15,100036,16,2,173
15,100037,44,2,151
15,100038,21,2,182
15,100039,38,4,165
15,100040,10,5,126
15,100041,18,3,119
15,100042,19,2,150
15,100043,29,2,137
15,100044,13,3,281
15,100045,37,2,202
15,100046,12,2,166
15,100047,28,5,265
15,100048,26,3,172
15,100049,32,5,299
15,100050,18,2,267
15,100051,51,2,268
15,100052,26,2,155
15,100053,54,4,209
15,100054,52,5,181
15,100055,48,5,141
15,100056,44,5,183
15,100057,29,5,268
15,100058,23,3,187
15,100059,33,4,259
15,100060,52,2,24
15,100061,29,2,25
15,100062,39,4,48
15,100063,40,4,32
15,100064,49,2,9
15,100065,15,5,35
15,100066,33,3,7
15,100067,16,4,40
15,100068,45,5,17
15,100069,14,5,22
15,100070,39,4,36
15,100071,56,2,54
15,100072,29,3,39
15,100073,50,3,28
15,100074,46,3,27
15,100075,47,4,33
15,100076,49,5,44
15,100077,41,5,12
15,100078,25,4,34
15,100079,12,2,59
15,100080,47,3,27
15,100081,39,3,44
15,100082,40,5,25
15,100083,28,3,53
15,100084,48,4,46
15,100085,54,3,14
15,100086,24,5,33
15,100087,23,4,53
15,100088,35,2,23
15,100089,19,4,26
15,100090,39,3,389
15,100091,11,3,509
15,100092,44,4,531
15,100093,16,4,280
15,100094,19,2,334
15,100095,16,3,362
15,100096,22,5,185
15,100097,11,4,512
15,100098,28,3,230
15,100099,47,3,556
15,100100,35,3,230
15,100101,24,3,489
15,100102,44,4,399
15,100103,59,2,681
15,100104,33,5,294
15,100105,58,4,328
15,100106,38,5,248
15,100107,23,3,569
15,100108,34,4,437
15,100109,59,2,293
15,100110,27,2,559
15,100111,37,5,416
15,100112,46,2,308
15,100113,13,5,436
15,100114,22,3,436
15,100115,21,4,388
15,100116,12,3,698
15,100117,45,3,722
15,100118,37,5,543
15,100119,11,5,721
16,100000,46,4,113
16,100001,48,3,205
16,100002,24,3,174
16,100003,49,5,195
16,100004,26,4,206
16,100005,31,4,112
16,100006,59,3,142
16,100007,39,2,180
16,100008,55,3,129
16,100009,11,3,198
16,100010,48,2,310
16,100011,43,4,188
16,100012,31,3,354
16,100013,48,3,113
16,100014,41,4,229
16,100015,12,2,280
16,100016,35,5,363
16,100017,59,4,302
16,100018,37,3,167
16,100019,32,2,277
16,100020,12,4,146
16,100021,26,3,202
16,100022,36,5,215
16,100023,12,5,203
16,100024,48,4,229
16,100025,36,5,147
16,100026,16,2,114
16,100027,50,3,364
16,100028,39,4,175
16,100029,29,3,225
16,100030,36,5,199
16,100031,16,5,276
16,100032,39,5,193
16,100033,23,3,91
16,100034,27,3,139
16,100035,14,5,105
16,100036,46,5,248
16,100037,41,3,240
16,100038,22,2,298
16,100039,22,2,267
16,100040,24,3,213
16,100041,37,3,261
16,100042,39,4,134
16,100043,31,5,252
16,100044,20,3,291
16,100045,15,5,186
16,100046,16,3,190
16,100047,21,4,133
16,100048,10,3,283
16,100049,34,3,176
16,100050,16,4,197
16,100051,12,2,143
16,100052,52,2,227
16,100053,43,5,280
16,100054,49,4,295
16,100055,10,5,223
16,100056,20,3,193
16,100057,19,5,177
16,100058,25,2,112
16,100059,53,4,233
16,100060,39,4,12
16,100061,10,4,43
16,100062,34,4,48
16,100063,30,4,52
16,100064,14,4,44
16,100065,59,5,55
16,100066,18,5,11
16,100067,18,4,58
16,100068,56,3,7
16,100069,48,5,52
16,100070,57,4,43
16,100071,22,5,23
16,100072,46,5,12
16,100073,41,4,54
16,100074,14,3,23
16,100075,42,3,16
16,100076,51,2,27
16,100077,12,5,33
16,100078,11,2,35
16,100079,45,3,55
16,100080,51,2,43
16,100081,10,4,32
16,100082,48,3,10
16,100083,27,3,52
16,100084,31,5,7
16,100085,59,5,28
16,100086,37,4,34
16,100087,15,2,28
16,100088,11,4,48
16,100089,26,4,59
16,100090,53,3,455
16,100091,58,4,659
16,100092,18,4,639
16,100093,30,5,565
16,100094,30,5,495
16,100095,58,3,521
16,100096,49,5,262
16,100097,47,5,711
16,100098,59,4,650
16,100099,41,4,533
16,100100,34,2,242
16,100101,12,2,369
16,100102,21,3,527
16,100103,53,5,355
16,100104,36,4,662
16,100105,53,3,348
16,100106,57,2,326
16,100107,41,3,618
16,100108,19,5,581
16,100109,21,4,197
16,100110,42,3,507
16,100111,47,3,618
16,100112,18,2,565
16,100113,28,4,277
16,100114,35,3,626
16,100115,52,5,398
16,100116,17,5,633
16,100117,28,5,723
16,100118,26,5,203
16,100119,27,5,299
17,100000,25,5,181
17,100001,33,2,132
17,100002,29,2,288
17,100003,17,3,267
17,100004,41,2,252
17,100005,55,3,273
17,100006,57,2,150
17,100007,57,5,311
17,100008,49,4,350
17,100009,56,4,329
17,100010,15,2,242
17,100011,25,2,273
17,100012,44,5,302
17,100013,12,3,191
17,100014,38,2,305
17,100015,10,4,102
17,100016,31,3,183
17,100017,42,2,149
17,100018,11,5,358
17,100019,42,2,281
17,100020,47,5,139
17,100021,25,5,309
17,100022,45,4,186
17,100023,47,4,114
17,100024,42,3,354
17,100025,52,4,122
17,100026,54,5,257
17,100027,59,3,116
17,100028,16,4,284
17,100029,24,5,283
17,100030,17,5,101
17,100031,43,3,130
17,100032,25,2,118
17,100033,39,2,94
17,100034,59,2,267
17,100035,44,2,230
17,100036,59,3,178
17,100037,55,3,197
17,100038,29,3,171
17,100039,56,5,160
17,100040,24,2,163
17,100041,43,4,228
17,100042,59,2,184
17,100043,50,4,221
17,100044,58,2,149
17,100045,57,5,279
17,100046,49,4,114
17,100047,42,4,296
17,100048,24,2,146
17,100049,25,5,286
17,100050,57,5,198
17,100051,52,5,111
17,100052,47,3,230
17,100053,14,2,298
17,100054,42,4,266
17,100055,46,4,222
17,100056,27,4,265
17,100057,11,4,223
17,100058,51,2,294
17,100059,20,3,269
17,100060,11,5,27
17,100061,29,2,57
17,100062,51,2,22
17,100063,33,4,20
17,100064,57,5,10
17,100065,18,4,53
17,100066,27,5,15
17,100067,33,5,25
17,100068,42,2,15
17,100069,44,3,58
17,100070,27,3,18
17,100071,19,3,16
17,100072,10,3,30
17,100073,17,3,21
17,100074,27,2,41
17,100075,30,4,22
17,100076,54,3,11
17,100077,16,5,58
17,100078,36,2,13
17,100079,57,2,28
17,100080,50,5,23
17,100081,35,2,19
17,100082,48,2,11
17,100083,37,3,10
17,100084,25,2,10
17,100085,45,3,28
17,100086,34,5,41
17,100087,27,3,23
17,100088,42,4,18
17,100089,20,2,18
17,100090,36,2,342
17,100091,34,2,420
17,100092,12,2,434
17,100093,29,5,221
17,100094,22,3,563
17,100095,38,3,664
17,100096,20,5,218
17,100097,53,5,588
17,100098,29,3,273
17,100099,25,4,472
17,100100,15,2,656
17,100101,32,5,344
17,100102,53,3,582
17,100103,21,3,317
17,100104,47,2,710
17,100105,57,3,654
17,100106,43,3,552
17,100107,42,4,223
17,100108,57,3,718
17,100109,36,2,698
17,100110,47,3,268
17,100111,23,3,460
17,100112,19,4,517
17,100113,49,3,534
17,100114,10,3,396
17,100115,26,2,391
17,100116,22,2,382
17,100117,51,2,332
17,100118,10,5,466
17,100119,37,2,675
18,100000,12,3,129
18,100001,12,3,128
18,100002,54,2,174
18,100003,56,5,309
18,100004,48,2,291
18,100005,49,5,352
18,100006,19,2,316
18,100007,35,5,311
18,100008,47,4,330
18,100009,33,4,276
18,100010,21,3,331
18,100011,45,3,348
18,100012,40,4,234
18,100013,49,4,358
18,100014,54,3,100
18,100015,16,4,306
18,100016,12,3,188
18,100017,23,5,221
18,100018,45,4,295
18,100019,34,4,232
18,100020,17,3,110
18,100021,57,2,255
18,100022,19,3,159
18,100023,46,4,266
18,100024,48,2,288
18,100025,47,5,191
18,100026,54,5,174
18,100027,56,2,152
18,100028,35,4,166
18,100029,17,3,223
18,100030,29,5,125
18,100031,15,2,269
18,100032,59,3,245
18,100033,55,4,247
18,100034,18,5,170
18,100035,16,3,271
18,100036,26,5,245
18,100037,53,5,265
18,100038,14,2,149
18,100039,15,4,295
18,100040,26,4,270
18,100041,40,3,98
18,100042,18,4,134
18,100043,45,3,169
18,100044,28,5,102
18,100045,19,5,253
18,100046,28,5,181
18,100047,13,3,223
18,100048,40,3,192
18,100049,54,2,116
18,100050,18,2,126
18,100051,51,4,124
18,100052,26,4,238
18,100053,40,3,177
18,100054,44,3,210
18,100055,22,2,254
18,100056,10,2,212
18,100057,44,3,211
18,100058,21,5,172
18,100059,52,5,136
18,100060,38,5,39
18,100061,16,3,20
18,100062,45,3,27
18,100063,28,2,46
18,100064,45,2,9
18,100065,43,4,59
18,100066,51,4,54
18,100067,51,3,33
18,100068,55,3,12
18,100069,26,5,48
18,100070,23,3,54
18,100071,42,3,51
18,100072,41,2,18
18,100073,23,2,30
18,100074,14,4,57
18,100075,54,2,38
18,100076,55,5,39
18,100077,50,2,36
18,100078,22,5,9
18,100079,45,3,54
18,100080,44,2,29
18,100081,45,2,39
18,100082,43,5,45
18,100083,57,5,11
18,100084,49,2,33
18,100085,23,5,32
18,100086,47,5,17
18,100087,56,5,28
18,100088,21,3,19
18,100089,27,3,35
18,100090,11,4,565
18,100091,17,4,656
18,100092,18,5,439
18,100093,25,2,548
18,100094,31,4,685
18,100095,38,5,189
18,100096,55,3,203
18,100097,34,3,641
18,100098,59,4,201
18,100099,36,2,678
18,100100,28,5,518
18,100101,41,2,341
18,100102,30,4,240
18,100103,14,5,669
18,100104,16,2,432
18,100105,19,3,652
18,100106,19,2,342
18,100107,29,2,380
18,100108,49,5,344
18,100109,40,4,417
18,100110,25,5,429
18,100111,41,5,377
18,100112,51,4,574
18,100113,37,5,444
18,100114,37,5,494
18,100115,48,3,514
18,100116,56,3,340
18,100117,31,2,690
18,100118,51,5,341
18,100119,19,4,482
19,100000,54,3,351
19,100001,20,3,219
19,100002,30,4,261
19,100003,34,3,240
19,100004,14,2,356
19,100005,16,2,185
19,100006,32,2,279
19,100007,29,5,105
19,100008,18,3,267
19,100009,41,4,215
19,100010,24,2,155
19,100011,26,2,134
19,100012,50,4,246
19,100013,59,4,180
19,100014,56,2,290
19,100015,17,3,237
19,100016,43,4,253
19,100017,10,5,342
19,100018,39,2,183
19,100019,51,2,244
19,100020,47,5,110
19,100021,28,4,330
19,100022,58,4,337
19,100023,36,2,112
19,100024,27,5,101
19,100025,45,3,324
19,100026,25,5,295
19,100027,18,2,156
19,100028,32,5,312
19,100029,11,4,216
19,100030,35,2,176
19,100031,16,5,200
19,100032,42,2,133
19,100033,45,5,281
19,100034,32,2,207
19,100035,37,4,179
19,100036,30,3,181
19,100037,24,3,244
19,100038,48,4,170
19,100039,25,4,286
19,100040,57,2,192
19,100041,44,2,122
19,100042,33,5,139
19,100043,28,4,241
19,100044,34,5,278
19,100045,36,5,242
19,100046,14,5,228
19,100047,28,4,122
19,100048,25,4,200
19,100049,20,3,100
19,100050,14,4,187
19,100051,34,2,272
19,100052,56,5,294
19,100053,21,5,251
19,100054,38,4,110
19,100055,32,2,210
19,100056,51,2,225
19,100057,50,3,286
19,100058,23,5,152
19,100059,20,3,279
19,100060,38,2,9
19,100061,39,2,54
19,100062,16,2,43
19,100063,20,5,26
19,100064,33,3,31
19,100065,28,3,33
19,100066,46,4,35
19,100067,37,4,25
19,100068,35,3,27
19,100069,20,4,12
19,100070,45,5,20
19,100071,50,3,46
19,100072,29,3,49
19,100073,13,5,45
19,100074,55,3,35
19,100075,10,5,30
19,100076,21,4,36
19,100077,49,4,43
19,100078,24,5,10
19,100079,29,3,50
19,100080,19,3,27
19,100081,57,4,30
19,100082,49,2,46
19,100083,12,2,44
19,100084,38,4,14
19,100085,14,4,16
19,100086,58,3,10
19,100087,59,5,41
19,100088,30,5,18
19,100089,30,5,20
19,100090,45,2,270
19,100091,31,4,372
19,100092,29,4,423
19,100093,18,4,449
19,100094,43,5,219
19,100095,52,2,212
19,100096,36,2,629
19,100097,50,3,498
19,100098,40,4,303
19,100099,12,2,667
19,100100,22,2,295
19,100101,46,5,499
19,100102,57,5,264
19,100103,18,5,658
19,100104,33,2,536
19,100105,50,2,358
19,100106,49,4,622
19,100107,56,5,485
19,100108,54,5,642
19,100109,29,2,325
19,100110,49,2,325
19,100111,32,3,454
19,100112,38,4,676
19,100113,11,5,453
19,100114,48,3,441
19,100115,15,4,622
19,100116,49,3,284
19,100117,30,2,617
19,100118,47,4,522
19,100119,16,3,460
20,100000,29,2,352
20,100001,49,2,205
20,100002,44,4,178
20,100003,10,4,209
20,100004,53,5,277
20,100005,39,3,203
20,100006,11,3,134
20,100007,13,2,201
20,100008,22,2,184
20,100009,38,2,272
20,100010,33,5,155
20,100011,11,3,239
20,100012,39,5,246
20,100013,32,3,168
20,100014,47,4,347
20,100015,58,2,244
20,100016,35,2,294
20,100017,31,2,265
20,100018,55,4,144
20,100019,23,3,296
20,100020,42,4,167
20,100021,45,2,176
20,100022,44,5,295
20,100023,15,5,135
20,100024,31,5,353
20,100025,51,5,169
20,100026,48,3,115
20,100027,47,2,286
20,100028,36,5,111
20,100029,24,4,100
20,100030,30,2,297
20,100031,12,5,182
20,100032,37,4,213
20,100033,40,5,254
20,100034,42,2,248
20,100035,20,3,193
20,100036,34,4,118
20,100037,53,3,230
20,100038,45,5,236
20,100039,12,3,285
20,100040,52,2,190
20,100041,44,2,258
20,100042,38,5,194
20,100043,26,2,173
20,100044,59,5,165
20,100045,27,3,291
20,100046,50,4,161
20,100047,40,2,166
20,100048,16,5,287
20,100049,47,4,174
20,100050,37,5,268
20,100051,30,2,197
20,100052,36,2,244
20,100053,38,4,139
20,100054,37,2,146
20,100055,57,3,153
20,100056,37,4,247
20,100057,12,5,93
20,100058,41,5,150
20,100059,21,2,154
20,100060,38,2,40
20,100061,16,2,37
20,100062,42,3,8
20,100063,27,4,13
20,100064,21,4,14
20,100065,18,5,36
20,100066,48,2,10
20,100067,11,4,17
20,100068,31,2,56
20,100069,21,5,32
20,100070,52,2,15
20,100071,16,2,32
20,100072,33,2,39
20,100073,38,2,37
20,100074,54,4,44
20,100075,17,5,38
20,100076,56,3,40
20,100077,11,2,14
20,100078,15,2,21
20,100079,52,4,9
20,100080,44,2,22
20,100081,28,4,41
20,100082,43,4,52
20,100083,19,5,16
20,100084,15,2,7
20,100085,11,3,52
20,100086,12,5,39
20,100087,44,4,19
20,100088,31,4,51
20,100089,26,2,10
20,100090,33,4,435
20,100091,39,3,603
20,100092,58,5,186
20,100093,36,5,378
20,100094,31,5,597
20,100095,36,3,422
20,100096,40,2,288
20,100097,19,3,245
20,100098,13,4,393
20,100099,59,2,506
20,100100,59,5,702
20,100101,53,5,303
20,100102,34,2,404
20,100103,47,4,720
20,100104,38,2,608
20,100105,24,3,651
20,100106,43,5,479
20,100107,21,4,263
20,100108,26,4,473
20,100109,20,5,196
20,100110,11,4,218
20,100111,38,2,629
20,100112,33,5,395
20,100113,58,4,594
20,100114,36,5,444
20,100115,23,2,560
20,100116,53,3,350
20,100117,42,4,534
20,100118,28,2,205
20,100119,12,3,249
